-- --------------------------------------------------------
-- 호스트:                          112.216.32.5
-- 서버 버전:                        10.2.14-MariaDB - mariadb.org binary distribution
-- 서버 OS:                        Win64
-- HeidiSQL 버전:                  11.2.0.6213
-- --------------------------------------------------------

/*!40101 SET @OLD_CHARACTER_SET_CLIENT=@@CHARACTER_SET_CLIENT */;
/*!40101 SET NAMES utf8 */;
/*!50503 SET NAMES utf8mb4 */;
/*!40014 SET @OLD_FOREIGN_KEY_CHECKS=@@FOREIGN_KEY_CHECKS, FOREIGN_KEY_CHECKS=0 */;
/*!40101 SET @OLD_SQL_MODE=@@SQL_MODE, SQL_MODE='NO_AUTO_VALUE_ON_ZERO' */;
/*!40111 SET @OLD_SQL_NOTES=@@SQL_NOTES, SQL_NOTES=0 */;

-- 테이블 bom.tbl_users 구조 내보내기
CREATE TABLE IF NOT EXISTS `tbl_users` (
  `ID` varchar(50) NOT NULL COMMENT '아이디',
  `Password` varchar(256) NOT NULL COMMENT '비밀번호',
  `UserName` blob NOT NULL COMMENT '이름',
  `Phone` blob NOT NULL COMMENT '연락처',
  `Position` blob DEFAULT NULL COMMENT '직위',
  `MailAddress` blob NOT NULL COMMENT '메일주소',
  `Role` varchar(20) DEFAULT NULL COMMENT 'WebAccess tag 구분',
  `AccountGeneration` datetime DEFAULT NULL COMMENT '계정생성일자',
  `Company` varchar(50) DEFAULT NULL COMMENT '회사명',
  `CompanyAddress` varchar(50) DEFAULT NULL COMMENT '회사주소',
  `KSIC` tinyint(21) DEFAULT NULL COMMENT '한국표준산업분류(상세코드제외)',
  `LastAccessDateTime` datetime DEFAULT NULL COMMENT '마지막 로그인 일자',
  `Trial` enum('Y','N') DEFAULT 'N' COMMENT '무료체험 신청 여부',
  `enable_marketing_dtm` date DEFAULT NULL,
  `disable_marketing_dtm` date DEFAULT NULL,
  `is_marketing_notification` bit(1) DEFAULT NULL,
  `is_marketing` bit(1) DEFAULT NULL,
  PRIMARY KEY (`ID`),
  KEY `FK_tbl_users_tbl_users_role` (`Role`),
  CONSTRAINT `FK_tbl_users_tbl_users_role` FOREIGN KEY (`role`) REFERENCES `tbl_users_role` (`role`) ON DELETE SET NULL ON UPDATE CASCADE
) ENGINE=InnoDB DEFAULT CHARSET=utf8 COMMENT='사용자 테이블\r\n******KSIC********\r\n1 : 농업,임업 및 어업\r\n2 : 광업\r\n3 : 제조업\r\n4 : 전기,가스, 증기 및 공기 조절 공급업\r\n5 : 수도, 하수 및 폐기물 처리, 원료재생업\r\n6 : 건설업\r\n7 : 도매 및 소매업\r\n8 : 운수 및 창고업\r\n9 : 숙박 및 음식점업\r\n10 : 정보통신업\r\n11 : 금융 및 보험업\r\n12 : 부동산업\r\n13 : 전문, 과학 및 기술 서비스업\r\n14 : 사업시설 관리, 사업지원 및 임대 서비스업\r\n15 : 공공 행정, 국방 및 사회 보장 행정\r\n16 : 교육 서비스업\r\n17 : 보건업 및 사회복지 서비스업\r\n18 : 예술, 스포츠 및 여가관련 서비스업\r\n19 : 협회 및 단체, 수리 및 기타 개인 서비스업\r\n20 : 가구 내 고용활동 및 달리 분류되지 않은 자가 소비\r\n21 : 국제 및 외국기관';

-- 테이블 데이터 bom.tbl_users:~36 rows (대략적) 내보내기
/*!40000 ALTER TABLE `tbl_users` DISABLE KEYS */;
INSERT INTO `tbl_users` (`ID`, `Password`, `UserName`, `Phone`, `Position`, `MailAddress`, `Role`, `AccountGeneration`, `Company`, `CompanyAddress`, `KSIC`, `LastAccessDateTime`, `Trial`, `enable_marketing_dtm`, `disable_marketing_dtm`, `is_marketing_notification`, `is_marketing`) VALUES
	('aaaa', '0GB+J5VN0L1w+8iFhtCrzZCHYG48yi7xOFRES6QPy1SoRRRs+MCEJ1tVJXEjHJHtDXjOiY/cAlBX8tevPVspMg==', _binary 0x84AB989EEDA90C4721C4186732ABADE6, _binary 0x84ADFC0C486190FB7C4AF1CB397E7E1C, _binary 0x7F97464846E50500BDA0EDBECE79B0C8, _binary 0x8F94139248B228E0DE24F7ED06C53693, 'DM', '2019-06-17 16:03:34', '회사명', '회사주소 ', 1, '2021-02-22 11:40:41', 'N', '2021-02-22', NULL, NULL, b'1'),
	('abc222', 'hosz4KZRTrAiMXJNFldJyDGQKEZBZ338EUcgOmTC+ofBrY57k6yieDEVzJQLXKbLxlBXVllyWkmv80OH5v42jw==', _binary 0x08C4648511F7F28408C8FA77BFA98DBA, _binary 0x2D10BD082FD7BC00BE374DDF2C56668B, _binary 0xEE2544BC744D5F953C92FBAC8CB86DF5, _binary 0x5982D5100C84D2297C3595D7E2C1AA433B774F1267F3458A455FCE12BA3B6639, NULL, '2019-08-07 09:32:38', 'vetec', 'vetec', 3, '2019-08-07 09:32:50', 'N', NULL, NULL, NULL, NULL),
	('admin', 'c7ad44cbad762a5da0a452f9e854fdc1e0e7a52a38015f23f3eab1d80b931dd472634dfac71cd34ebc35d16ab7fb8a90c81f975113d6c7538dc69dd8de9077ec', _binary 0x23A63DC549067C610F9564282C84ED4E, _binary 0x424CF09C72B600CEE6BA79056E651E57, _binary 0xEE2544BC744D5F953C92FBAC8CB86DF5, _binary 0x0471A15F77FFC380EC7C0085D3A61998, 'DM', '2019-06-04 17:49:57', NULL, NULL, NULL, '2019-06-14 10:41:40', 'N', NULL, NULL, NULL, NULL),
	('aist', '1234', _binary 0xD01684B21995E3C2367FDF23FD6A8622, _binary 0xA120C58F6FD1EABCA74CE159A8309AB0, _binary 0x6DAE47D606D0B3A5DEB4B16D38854E00, _binary 0x1D7B87EE655015638551F4A05DDBE836, NULL, '2019-06-17 12:55:14', 'vetec', NULL, 1, NULL, 'N', NULL, NULL, NULL, NULL),
	('aistest', 'JVhaV4zBLUqe50jiwRiGdMhyRSxLHhKFojcGX5UwUgBBTUNNRSuPL87YUfO5t16OrBTlADOs+02ONMB55UND5Q==', _binary 0x65811F42A3B61FD1CC9616F9244CDE62, _binary 0x371A584C2DB79540882E4533FED2E6B9, _binary 0x3E3F69BAE09857FD4E18869AFA3D73EC, _binary 0x52A1C4D37A958608C0724C3E57346370, 'DM', '2019-07-01 10:21:04', '2', '2', 15, '2019-09-02 13:04:55', 'N', NULL, NULL, NULL, NULL),
	('aistest1', '0GB+J5VN0L1w+8iFhtCrzZCHYG48yi7xOFRES6QPy1SoRRRs+MCEJ1tVJXEjHJHtDXjOiY/cAlBX8tevPVspMg==', _binary 0xC861E2BB6CCF54E9DCD1EB806DD9E4DF, _binary 0x61DB5AFDC120C60501E791F71FCD0757, _binary 0x490F39D3C6A650863161447DCAC64FA9, _binary 0x2B673EE34561203263330A082BACFFD1, 'DM', '2019-07-08 16:07:44', 'aa', 'aa', 17, '2019-07-10 10:18:33', 'N', NULL, NULL, NULL, NULL),
	('aistest2', '0GB+J5VN0L1w+8iFhtCrzZCHYG48yi7xOFRES6QPy1SoRRRs+MCEJ1tVJXEjHJHtDXjOiY/cAlBX8tevPVspMg==', _binary 0xC861E2BB6CCF54E9DCD1EB806DD9E4DF, _binary 0x9BFA203A9ECFD434D62CD828F9898379, _binary 0x9A5A783C2EFDC8229D706C9D124395F1, _binary 0x2B673EE34561203263330A082BACFFD1, 'DM', '2019-07-08 16:27:23', 'aa', 'aa', 10, '2019-07-08 16:42:53', 'N', NULL, NULL, NULL, NULL),
	('cdu5601', 'wWcQffptfXbuAj7XH4DRn8KicGK5eqpmjWC7mlxrh3dxGosb1Ut5v7y98VFS1j4lduw9dFsf1QsQ2RoyLsEY9g==', _binary 0x91D291833E317CF8B2AFCD2F95B54E86, _binary 0x5FFB878BCB50670B72CFD503DD7EA3B2, _binary 0x9A5A783C2EFDC8229D706C9D124395F1, _binary 0xE11FA30B9F30EA3997019187AB9ED7568AF55069E42EB13E19DCFA61144864AC, 'DMEND', '2020-08-26 18:01:08', '루이스테크', '동탄기흥로602', 13, '2020-08-27 09:02:58', 'Y', NULL, NULL, NULL, NULL),
	('daejin', '0GB+J5VN0L1w+8iFhtCrzZCHYG48yi7xOFRES6QPy1SoRRRs+MCEJ1tVJXEjHJHtDXjOiY/cAlBX8tevPVspMg==', _binary 0x727F5FF67331FEC2C3CA3E9BB324B209, _binary 0x45827DD3AECB7D2D3E9C16E461DD0ECD, _binary 0x597A5A882B9E1D5E63F03FF3F86F5F72, _binary 0x174278341A8739C56AE2D33DC5918562E00957ADB1C570159945AF22EB8C8573, 'PL_002', '2020-09-17 17:09:32', '대진금속열처리', '경북 경주시 오금큰길 455', 3, '2021-03-23 10:59:35', 'N', NULL, NULL, NULL, NULL),
	('daejin2', '0GB+J5VN0L1w+8iFhtCrzZCHYG48yi7xOFRES6QPy1SoRRRs+MCEJ1tVJXEjHJHtDXjOiY/cAlBX8tevPVspMg==', _binary 0xC1AE7B0F8AA62C9E145BC8D95EC1A12B, _binary 0xA803C04CAF91200CE8E41A63BF65B2DB, _binary 0xC1AE7B0F8AA62C9E145BC8D95EC1A12B, _binary 0x174278341A3FC56AE2D33DC59185623F573FC5701599453F3F8573, 'PL_002', '2020-09-17 17:09:32', '대진금속열처리', '경북 경주시 오금큰길 455', 3, '2021-02-26 10:16:19', 'N', NULL, NULL, NULL, NULL),
	('daejin3', '0GB+J5VN0L1w+8iFhtCrzZCHYG48yi7xOFRES6QPy1SoRRRs+MCEJ1tVJXEjHJHtDXjOiY/cAlBX8tevPVspMg==', _binary 0x23A63DC549067C610F9564282C84ED4E, _binary 0x2D10BD082FD7BC00BE374DDF2C56668B, _binary 0xF67B5CFA5A6639ACD08A6136BFB34D5D, _binary 0x174278341A3FC56AE2D33DC59185623F573FC5701599453F3F8573, 'PL_002', '2020-09-17 17:09:32', '대진금속열처리', '경북 경주시 오금큰길 455', 3, '2021-02-26 10:16:19', 'N', NULL, NULL, NULL, NULL),
	('ekarus001', 'haKYAfXVVLby1SdKcqNb6mj+ldFnoNebi6sTb7M+FenJLuNb+DEsWIg7THS8F9kC24VX1OnGFrOOibqtxFXm/g==', _binary 0xD3659823BB42BA5F6132E538312C00D4, _binary 0x6031794D038C34483AE1C044D9F023D6, _binary 0x9A5A783C2EFDC8229D706C9D124395F1, _binary 0x6EFA2B6085FB4C82A52A8A9BA9424DEF0050AEEAD57CBE02C176438A5E6C4C67, 'DM', '2020-07-15 21:05:27', 'SJ softtech', '서울시 성동구 성수이로', 3, '2020-07-15 21:06:10', 'Y', NULL, NULL, NULL, NULL),
	('guest', '0GB+J5VN0L1w+8iFhtCrzZCHYG48yi7xOFRES6QPy1SoRRRs+MCEJ1tVJXEjHJHtDXjOiY/cAlBX8tevPVspMg==', _binary 0x08C4648511F7F28408C8FA77BFA98DBA, _binary 0xE40D9D67C6A8C91EA490E03A88071314, _binary 0x9A5A783C2EFDC8229D706C9D124395F1, _binary 0xB6A8990E3449E62009EFC20656D4FCDA2414DAB7CA4E97D1622CCEEF23D1387E, 'DM', '2019-07-08 11:31:06', '베텍', '무료체험', 7, '2021-02-09 17:40:18', 'N', NULL, NULL, NULL, NULL),
	('hifgcokr', '0GB+J5VN0L1w+8iFhtCrzZCHYG48yi7xOFRES6QPy1SoRRRs+MCEJ1tVJXEjHJHtDXjOiY/cAlBX8tevPVspMg==', _binary 0xD56AF7CF30DE5BFFECADC39B4E23E297, _binary 0x387E86FAB2B578AE49418A1437126DB8, _binary 0xA1766E203598317C994DF14AB8162891, _binary 0x7667F3808207474B77B938370C879D2B173B2BAFD947042D97351007C14CA623, 'DMEND', '2019-10-16 13:24:39', '한일단조공업주식회사', '충청북도 진천군 덕산읍 습지길 87 ', 3, '2020-07-21 11:47:58', 'Y', NULL, NULL, NULL, NULL),
	('hsyoon', '0GB+J5VN0L1w+8iFhtCrzZCHYG48yi7xOFRES6QPy1SoRRRs+MCEJ1tVJXEjHJHtDXjOiY/cAlBX8tevPVspMg==', _binary 0x23A63DC549067C610F9564282C84ED4E, _binary 0x424CF09C72B600CEE6BA79056E651E57, _binary 0xF67B5CFA5A6639ACD08A6136BFB34D5D, _binary 0x5982D5100C84D2297C3595D7E2C1AA433B774F1267F3458A455FCE12BA3B6639, NULL, '2020-04-03 14:33:09', 'VETEC', '관평동', 2, NULL, 'N', NULL, NULL, NULL, NULL),
	('PartnerConference', '0GB+J5VN0L1w+8iFhtCrzZCHYG48yi7xOFRES6QPy1SoRRRs+MCEJ1tVJXEjHJHtDXjOiY/cAlBX8tevPVspMg==', _binary 0x0502420316493CF260F94A17CB8CBA7DE0BCD6BF03F5E30F43B8DF2E1D463058, _binary 0xE40D9D67C6A8C91EA490E03A88071314, _binary 0x9A5A783C2EFDC8229D706C9D124395F1, _binary 0xB6A8990E3449E62009EFC20656D4FCDA2414DAB7CA4E97D1622CCEEF23D1387E, 'DM', '2019-09-24 15:47:29', 'AdventecnPartnerConference', '서울 양재 엘타워 엘가든홀', 10, '2020-05-07 22:34:46', 'N', NULL, NULL, NULL, NULL),
	('peak', '0GB+J5VN0L1w+8iFhtCrzZCHYG48yi7xOFRES6QPy1SoRRRs+MCEJ1tVJXEjHJHtDXjOiY/cAlBX8tevPVspMg==', _binary 0x082AF103DBC39CB96E22464AEBA56712, _binary 0xE40D9D67C6A8C91EA490E03A88071314, _binary 0x9463ECA8A2509B7EC97A966E4D3236E5, _binary 0xC6039DFCBE3A0546A0267CB5E17CCF5985F659163263AA95E15FAB9707A262F8, 'ROLE_PL1', '2020-02-20 09:05:02', 'Vetec', '대전 유성구 ', 10, '2020-11-19 11:55:06', 'N', NULL, NULL, NULL, NULL),
	('qazwsx', '0GB+J5VN0L1w+8iFhtCrzZCHYG48yi7xOFRES6QPy1SoRRRs+MCEJ1tVJXEjHJHtDXjOiY/cAlBX8tevPVspMg==', _binary 0x0CED4213744F8EE92A2943D90CE0495A, _binary 0xB25FCA63D8F5544FFE8B0138E7BB0FC1, _binary 0x9A5A783C2EFDC8229D706C9D124395F1, _binary 0xEDC1D61FD9ACCB3D64551C960C1D2C15, 'DM', '2019-07-08 15:24:18', 'aa', '', 17, '2019-07-08 15:25:32', 'N', NULL, NULL, NULL, NULL),
	('sdgsdgs', '0GB+J5VN0L1w+8iFhtCrzZCHYG48yi7xOFRES6QPy1SoRRRs+MCEJ1tVJXEjHJHtDXjOiY/cAlBX8tevPVspMg==', _binary 0x19A68A9EFD955D87C5F12FA7926D2701, _binary 0x98969C6C2C6D2136C47FB5172B18859D, _binary 0xDC253372C52E39B18764EB88585F9845, _binary 0xDA402949B758375EB5C4F67A8B2AE11F, NULL, '2019-06-17 16:08:10', NULL, NULL, 1, NULL, 'N', NULL, NULL, NULL, NULL),
	('shtech', 'X8SodOOCZB9iFt+vy1jF1dd1pBF/HZYmJI+RsV7hZSFm6imlA00rN8zuNuJJvPKRhnMO0ALbl4TI+Km6c3762A==', _binary 0x7F173EF27546ADAFCA7900F711E8C0D2, _binary 0x2D10BD082FD7BC00BE374DDF2C56668B, NULL, _binary 0x5982D5100C84D2297C3595D7E2C1AA433B774F1267F3458A455FCE12BA3B6639, 'PL_001', '2019-06-18 11:10:40', '신화테크', '울산 북구 매곡산업6길 20', 3, '2019-09-25 11:22:27', 'N', NULL, NULL, NULL, NULL),
	('shtech2', 'X8SodOOCZB9iFt+vy1jF1dd1pBF/HZYmJI+RsV7hZSFm6imlA00rN8zuNuJJvPKRhnMO0ALbl4TI+Km6c3762A==', _binary 0x7F173EF27546ADAFCA7900F711E8C0D2, _binary 0x81F34F699A7D979947BB744771023B14, _binary 0x3B02BEFCF5C4C186BD5F0EF96A64B59C, _binary 0x6FC0D7ACB70435113B995496ED3A857B, 'ROLE_PL1', '2019-07-05 17:15:07', '신화테크', '울산 북구 매곡산업6길 20', 3, '2021-02-21 21:57:28', 'N', NULL, NULL, NULL, NULL),
	('test', '0GB+J5VN0L1w+8iFhtCrzZCHYG48yi7xOFRES6QPy1SoRRRs+MCEJ1tVJXEjHJHtDXjOiY/cAlBX8tevPVspMg==', _binary 0x30108B0902E5FC9E8694546AA6AE04D2, _binary 0x6ADB2E3D0A0C19C164B33A9925031F22, NULL, _binary 0x0E199CBA9CD788D1B9F9ECA9976C5EF5, 'PP_001', '2019-06-04 17:59:56', '베텍2', '대전 유성구 2', 2, '2021-03-12 15:35:20', 'N', NULL, NULL, NULL, NULL),
	('test1', '0GB+J5VN0L1w+8iFhtCrzZCHYG48yi7xOFRES6QPy1SoRRRs+MCEJ1tVJXEjHJHtDXjOiY/cAlBX8tevPVspMg==', _binary 0x08C4648511F7F28408C8FA77BFA98DBA, _binary 0xE40D9D67C6A8C91EA490E03A88071314, _binary 0x9A5A783C2EFDC8229D706C9D124395F1, _binary 0x6FC0D7ACB70435113B995496ED3A857B, NULL, '2021-02-22 14:55:26', 'test', 'test', 1, '2021-02-22 14:55:38', 'N', '2021-02-22', NULL, NULL, b'1'),
	('test11', 'test', _binary 0x08C4648511F7F28408C8FA77BFA98DBA, _binary 0x08C4648511F7F28408C8FA77BFA98DBA, _binary 0x08C4648511F7F28408C8FA77BFA98DBA, _binary 0x08C4648511F7F28408C8FA77BFA98DBA, NULL, '2019-06-14 17:10:40', NULL, NULL, NULL, NULL, 'N', NULL, NULL, NULL, NULL),
	('test3', '0GB+J5VN0L1w+8iFhtCrzZCHYG48yi7xOFRES6QPy1SoRRRs+MCEJ1tVJXEjHJHtDXjOiY/cAlBX8tevPVspMg==', _binary 0x490F39D3C6A650863161447DCAC64FA9, _binary 0x490F39D3C6A650863161447DCAC64FA9, _binary 0x490F39D3C6A650863161447DCAC64FA9, _binary 0x490F39D3C6A650863161447DCAC64FA9, 'DM', '2019-06-14 13:47:12', NULL, NULL, 10, '2021-03-02 13:45:13', 'N', NULL, NULL, NULL, NULL),
	('test4', '0GB+J5VN0L1w+8iFhtCrzZCHYG48yi7xOFRES6QPy1SoRRRs+MCEJ1tVJXEjHJHtDXjOiY/cAlBX8tevPVspMg==', _binary 0x08C4648511F7F28408C8FA77BFA98DBA, _binary 0xE40D9D67C6A8C91EA490E03A88071314, _binary 0x9A5A783C2EFDC8229D706C9D124395F1, _binary 0xB6A8990E3449E62009EFC20656D4FCDA2414DAB7CA4E97D1622CCEEF23D1387E, 'DM', '2021-02-22 14:56:35', 'ftest', 'test', 1, '2021-03-02 13:44:44', 'Y', NULL, '2021-02-22', NULL, b'0'),
	('test5', 'JVhaV4zBLUqe50jiwRiGdMhyRSxLHhKFojcGX5UwUgBBTUNNRSuPL87YUfO5t16OrBTlADOs+02ONMB55UND5Q==', _binary 0x98B268AD4AABB58463AF523DFC1B89E8, _binary 0xE40D9D67C6A8C91EA490E03A88071314, _binary 0x9A5A783C2EFDC8229D706C9D124395F1, _binary 0x6FC0D7ACB70435113B995496ED3A857B, 'DM', '2021-02-24 10:55:26', 'test', 'test', 1, '2021-03-12 10:27:59', 'Y', '2021-03-12', '2021-03-12', NULL, b'1'),
	('test6', 'xGMO4HlQwX+CbGhupfXOv4WXQd0gdoUpjXj4HwX2yhzgbgYpJSglaQ8hObEZbCrmiOnot8YbWKeZ9OoaZ5+jZw==', _binary 0x6CD16B289EAA2E24E874A1B51962C7FA, _binary 0xE40D9D67C6A8C91EA490E03A88071314, _binary 0x9A5A783C2EFDC8229D706C9D124395F1, _binary 0xB6A8990E3449E62009EFC20656D4FCDA2414DAB7CA4E97D1622CCEEF23D1387E, NULL, '2019-06-19 19:53:36', NULL, NULL, 1, '2019-06-20 11:10:26', 'N', NULL, NULL, NULL, NULL),
	('thkim', '0GB+J5VN0L1w+8iFhtCrzZCHYG48yi7xOFRES6QPy1SoRRRs+MCEJ1tVJXEjHJHtDXjOiY/cAlBX8tevPVspMg==', _binary 0x44C98060621679340479EA3C9E151179, _binary 0x8010BE3A4755AA7839FC19842D739819, _binary 0x3B02BEFCF5C4C186BD5F0EF96A64B59C, _binary 0xE4A718C2AB32DF964E619C5A32EB4DAB2414DAB7CA4E97D1622CCEEF23D1387E, 'T1', '2019-08-02 14:25:54', '(주)베텍', '대전 유성구 관평동 1311', 3, '2020-08-27 09:51:16', 'N', NULL, NULL, NULL, NULL),
	('trial', 'JVhaV4zBLUqe50jiwRiGdMhyRSxLHhKFojcGX5UwUgBBTUNNRSuPL87YUfO5t16OrBTlADOs+02ONMB55UND5Q==', _binary 0x936336E22E91B8AA092D521A87C0A425, _binary 0x81F34F699A7D979947BB744771023B14, _binary 0x9463ECA8A2509B7EC97A966E4D3236E5, _binary 0xB6A8990E3449E62009EFC20656D4FCDA2414DAB7CA4E97D1622CCEEF23D1387E, 'DM', '2019-07-08 11:29:16', '베텍', '대전 유성구 ', 10, '2021-03-23 09:10:20', 'Y', '2021-03-05', '2021-03-05', NULL, b'1'),
	('ttttttt', '1oWMh08EWlQEIlS0fIv88Ak4kHU8ln4X5f8SEg0V0IXCAb7gj2dmHETADPqIz7hE3IiBMFvihuPe5SLEbwPJYg==', _binary 0x00A59C1B179449FC101AE37937298BD6, _binary 0x2D10BD082FD7BC00BE374DDF2C56668B, _binary 0x9A5A783C2EFDC8229D706C9D124395F1, _binary 0xB41642E2EF67132652D7A236DA97DAFE, NULL, '2019-07-09 15:03:31', 'a', 'a', 2, '2019-07-09 15:05:09', 'N', NULL, NULL, NULL, NULL),
	('vetec', 'vv', _binary 0xE22783CD71201E092C4A8932BF0BF7BA, _binary 0xE22783CD71201E092C4A8932BF0BF7BA, _binary 0xE22783CD71201E092C4A8932BF0BF7BA, _binary 0x399F217255504B8111992F08B8D3DA0F, 'DM', '2019-07-02 13:12:29', NULL, 'testsetes', 1, NULL, 'N', NULL, NULL, NULL, NULL),
	('vetec2', '0GB+J5VN0L1w+8iFhtCrzZCHYG48yi7xOFRES6QPy1SoRRRs+MCEJ1tVJXEjHJHtDXjOiY/cAlBX8tevPVspMg==', _binary 0x6CD16B289EAA2E24E874A1B51962C7FA, _binary 0xE40D9D67C6A8C91EA490E03A88071314, _binary 0x9A5A783C2EFDC8229D706C9D124395F1, _binary 0xB6A8990E3449E62009EFC20656D4FCDA2414DAB7CA4E97D1622CCEEF23D1387E, 'DM', '2019-07-11 18:22:41', '(주)베텍', '대전 유성구 ', 10, '2021-03-18 11:36:00', 'N', NULL, NULL, NULL, NULL),
	('vip', '0GB+J5VN0L1w+8iFhtCrzZCHYG48yi7xOFRES6QPy1SoRRRs+MCEJ1tVJXEjHJHtDXjOiY/cAlBX8tevPVspMg==', _binary 0x7C783E147141AFB4729AB0AB4B7F7C74, _binary 0x37D807E5E694CFEC8FD926C19233C48E, _binary 0x0C7D284BC915719E84374E169E725FD7, _binary 0x952F70F024B9B2F1A38565B62ACF4426391C9881323109B3D3396C5E0E6035F4, 'PL_001', '2019-07-08 11:32:55', 'VIP웨딩홀', '대전광역시 서구 만년로 69 VIP웨딩홀 2층', 12, '2021-03-23 10:22:39', 'N', NULL, NULL, NULL, NULL),
	('yjchoi', 'cGN8qQGe93CWGeThrj7ec0lQNmHoz/hoY6YHayaIPTZgf95eow2yF+moczxQNk3XFFiMKBmzIjr4n4gUzGeLww==', _binary 0x68EA902E951DC20A8F3B5A3005293D97, _binary 0x3FBA3C3864BE602868AF51A5D054AADA, _binary 0xC1AE7B0F8AA62C9E145BC8D95EC1A12B, _binary 0xC79353585F87814C002C40F0F63CC5B83B774F1267F3458A455FCE12BA3B6639, NULL, '2019-08-08 15:05:52', '베텍', '대전시 유성구 관평동 1132', 10, NULL, 'N', NULL, NULL, NULL, NULL),
	('yonhee', 'OzmHmU15TX+q4S5AnAsWo2zXqXhPw3ve1mULMppcPeSKmgNeEndPPNxrvy4zciCxHtzkq0XoA/WrxFbyfw/YIQ==', _binary 0xC1264722099CEC5CC7F4E47EFBBF45CD, _binary 0x65F621593E789D61EF9755932D76069D, _binary 0xF3CBE82A5B886F442B898D89FCA06964, _binary 0x275FDF54B064D25FEA9D507B1B586712, 'T2', '2020-06-24 18:01:37', '연희화학공업(주)', '충청남도 천안시 동남구 풍세면 풍세산단5로 66', 3, '2021-03-21 16:01:10', 'Y', NULL, NULL, NULL, NULL);
/*!40000 ALTER TABLE `tbl_users` ENABLE KEYS */;

-- 테이블 bom.tbl_users_power 구조 내보내기
CREATE TABLE IF NOT EXISTS `tbl_users_power` (
  `UserID` varchar(45) NOT NULL COMMENT '아이디',
  `CType` tinyint(4) DEFAULT NULL COMMENT '계약종별(1:산업갑 2:산업갑3:산업을)',
  `EType` tinyint(4) DEFAULT NULL COMMENT '수전전압(1:저압,2:고압A1,3:고압A2,4:고압B1,5:고압B2)',
  `RegularReadDay` tinyint(4) DEFAULT NULL COMMENT '정기검침일',
  `ContractPower` smallint(6) DEFAULT NULL COMMENT '계약전력',
  `JURate` tinyint(4) DEFAULT NULL COMMENT '지상역률(기본적인 역률이라 함은 지상역률을 의미함)',
  `URate` tinyint(4) DEFAULT NULL COMMENT '진상역률',
  `TargetPeak` smallint(6) DEFAULT NULL COMMENT '사용자 목표 피크',
  `Discount` tinyint(4) DEFAULT NULL COMMENT '할인(1:자동납부할인,2:인터넷할인,3:모바일할인)',
  `ReactivePower` enum('Y','N','NULL') DEFAULT NULL COMMENT '무효전력량계 유무',
  PRIMARY KEY (`UserID`),
  KEY `FK_tbl_users_power_tbl_receiving_voltage` (`EType`),
  KEY `FK_tbl_users_power_tbl_contract_type` (`CType`),
  CONSTRAINT `FK_tbl_users_power_tbl_contract_type` FOREIGN KEY (`CType`) REFERENCES `tbl_contract_type` (`CType`) ON DELETE SET NULL ON UPDATE CASCADE,
  CONSTRAINT `FK_tbl_users_power_tbl_receiving_voltage` FOREIGN KEY (`EType`) REFERENCES `tbl_electric_type` (`EType`) ON DELETE SET NULL ON UPDATE CASCADE,
  CONSTRAINT `FK_tbl_users_power_tbl_users` FOREIGN KEY (`UserID`) REFERENCES `tbl_users` (`id`) ON DELETE CASCADE ON UPDATE CASCADE
) ENGINE=InnoDB DEFAULT CHARSET=utf8 COMMENT='POWER 또는 PEAK 에서 전기요금 계산식에 사용. ';

-- 테이블 데이터 bom.tbl_users_power:~16 rows (대략적) 내보내기
/*!40000 ALTER TABLE `tbl_users_power` DISABLE KEYS */;
INSERT INTO `tbl_users_power` (`UserID`, `CType`, `EType`, `RegularReadDay`, `ContractPower`, `JURate`, `URate`, `TargetPeak`, `Discount`, `ReactivePower`) VALUES
	('cdu5601', 2, 1, 15, 1000, 90, 90, NULL, 1, 'NULL'),
	('daejin', NULL, NULL, NULL, NULL, NULL, NULL, NULL, NULL, NULL),
	('daejin2', NULL, NULL, NULL, NULL, NULL, NULL, NULL, NULL, NULL),
	('daejin3', NULL, NULL, NULL, NULL, NULL, NULL, NULL, NULL, NULL),
	('ekarus001', NULL, NULL, NULL, NULL, NULL, NULL, NULL, NULL, NULL),
	('guest', 3, 3, NULL, 10000, 90, 90, 800, 1, 'Y'),
	('hifgcokr', 3, 3, NULL, 10000, 90, 90, 100, 1, 'Y'),
	('hsyoon', NULL, NULL, NULL, NULL, NULL, NULL, NULL, NULL, NULL),
	('peak', NULL, NULL, NULL, NULL, NULL, NULL, NULL, NULL, NULL),
	('test1', NULL, NULL, NULL, NULL, NULL, NULL, NULL, NULL, NULL),
	('test4', 3, 5, 20, 200, 90, 95, NULL, 3, 'NULL'),
	('test5', NULL, NULL, NULL, NULL, NULL, NULL, NULL, NULL, NULL),
	('thkim', 3, 3, NULL, 10000, 90, 90, 800, 1, 'Y'),
	('trial', 1, 1, 15, 1000, 90, 90, 80, 2, NULL),
	('vip', 1, 1, 15, 100, 88, 88, 80, 23, 'Y'),
	('yonhee', 3, 3, 1, 1186, 95, 100, 1000, NULL, 'NULL');
/*!40000 ALTER TABLE `tbl_users_power` ENABLE KEYS */;

-- 테이블 bom.tbl_users_role 구조 내보내기
CREATE TABLE IF NOT EXISTS `tbl_users_role` (
  `Role` varchar(20) NOT NULL COMMENT 'WebAccess Tag 구분, 솔루션 권한',
  `RoleName` varchar(50) DEFAULT NULL COMMENT 'Role 내용',
  PRIMARY KEY (`Role`)
) ENGINE=InnoDB DEFAULT CHARSET=utf8 COMMENT='사용자 솔루션 권한을 관리한다. ';

-- 테이블 데이터 bom.tbl_users_role:~11 rows (대략적) 내보내기
/*!40000 ALTER TABLE `tbl_users_role` DISABLE KEYS */;
INSERT INTO `tbl_users_role` (`Role`, `RoleName`) VALUES
	('Adminstrator', '관리자'),
	('DM', 'BOM Free Demo'),
	('DMEND', '무료체험종료'),
	('P2', 'BOM PEAK2'),
	('PL_001', 'BOM PEAK Lite'),
	('PL_002', 'BOM PEAK Lite'),
	('PP_001', 'BOM PEAK Pro'),
	('ROLE_PL', 'BOM PEAK Lite '),
	('ROLE_PL1', 'BOM PEAK1'),
	('S1', 'BOM Energy 단상1'),
	('S2', 'BOM Energy 단상2'),
	('T1', 'BOM Energy CT 3상1'),
	('T2', 'BOM Energy CT 3상2');
/*!40000 ALTER TABLE `tbl_users_role` ENABLE KEYS */;

-- 테이블 bom.tbl_users_sms 구조 내보내기
CREATE TABLE IF NOT EXISTS `tbl_users_sms` (
  `UserID` varchar(45) NOT NULL,
  `RemainingValue` tinyint(4) NOT NULL DEFAULT 100,
  PRIMARY KEY (`UserID`),
  CONSTRAINT `FK_tbl_users_sms_tbl_users` FOREIGN KEY (`UserID`) REFERENCES `tbl_users` (`ID`) ON DELETE CASCADE ON UPDATE CASCADE
) ENGINE=InnoDB DEFAULT CHARSET=utf8;

-- 테이블 데이터 bom.tbl_users_sms:~24 rows (대략적) 내보내기
/*!40000 ALTER TABLE `tbl_users_sms` DISABLE KEYS */;
INSERT INTO `tbl_users_sms` (`UserID`, `RemainingValue`) VALUES
	('abc222', 100),
	('aistest1', 100),
	('aistest2', 100),
	('cdu5601', 100),
	('daejin', 100),
	('daejin2', 100),
	('daejin3', 100),
	('ekarus001', 100),
	('guest', 100),
	('hifgcokr', 100),
	('hsyoon', 100),
	('PartnerConference', 100),
	('peak', 100),
	('qazwsx', 100),
	('shtech2', 100),
	('test1', 100),
	('test4', 100),
	('test5', 100),
	('thkim', 100),
	('trial', 100),
	('ttttttt', 100),
	('vetec2', 100),
	('vip', 100),
	('yjchoi', 100),
	('yonhee', 100);
/*!40000 ALTER TABLE `tbl_users_sms` ENABLE KEYS */;

-- 테이블 bom.tbl_users_solution 구조 내보내기
CREATE TABLE IF NOT EXISTS `tbl_users_solution` (
  `UserID` varchar(45) NOT NULL COMMENT '사용자 아이디',
  `Role` varchar(10) DEFAULT NULL COMMENT '솔루션 ROLE',
  `Theme` enum('Black','White') DEFAULT NULL COMMENT '테마 이름',
  `URL` varchar(10) DEFAULT NULL COMMENT '솔루션 구분 URL',
  KEY `UserID` (`UserID`),
  KEY `FK_tbl_users_solution_tbl_users_role` (`Role`),
  CONSTRAINT `FK_tbl_users_solution_tbl_users` FOREIGN KEY (`UserID`) REFERENCES `tbl_users` (`ID`) ON DELETE CASCADE ON UPDATE CASCADE,
  CONSTRAINT `FK_tbl_users_solution_tbl_users_role` FOREIGN KEY (`Role`) REFERENCES `tbl_users_role` (`Role`) ON DELETE CASCADE ON UPDATE CASCADE
) ENGINE=InnoDB DEFAULT CHARSET=utf8 COMMENT='사용자 솔루션. 1:N 관계를 갖는다';

-- 테이블 데이터 bom.tbl_users_solution:~27 rows (대략적) 내보내기
/*!40000 ALTER TABLE `tbl_users_solution` DISABLE KEYS */;
INSERT INTO `tbl_users_solution` (`UserID`, `Role`, `Theme`, `URL`) VALUES
	('shtech', 'T1', NULL, NULL),
	('shtech', 'ROLE_PL1', NULL, NULL),
	('shtech2', 'ROLE_PL1', NULL, 'shtech2'),
	('thkim', 'DM', NULL, ''),
	('PartnerConference', 'DM', NULL, NULL),
	('hifgcokr', 'T1', NULL, NULL),
	('guest', 'T1', NULL, NULL),
	('shtech', 'T1', NULL, NULL),
	('shtech', 'ROLE_PL1', NULL, NULL),
	('shtech2', 'ROLE_PL1', NULL, 'shtech2'),
	('thkim', 'DM', NULL, ''),
	('PartnerConference', 'DM', NULL, NULL),
	('hifgcokr', 'T1', NULL, NULL),
	('trial', 'DM', NULL, NULL),
	('guest', 'T1', NULL, NULL),
	('peak', 'ROLE_PL1', NULL, NULL),
	('vip', 'PL_001', NULL, NULL),
	('hsyoon', NULL, NULL, NULL),
	('yonhee', 'DM', NULL, NULL),
	('test', 'PP_001', NULL, NULL),
	('ekarus001', 'DM', NULL, NULL),
	('cdu5601', 'DM', NULL, NULL),
	('daejin', 'PL_002', NULL, NULL),
	('test1', NULL, NULL, NULL),
	('test4', 'DM', NULL, NULL),
	('test5', 'DM', NULL, NULL),
	('daejin2', NULL, NULL, NULL),
	('daejin3', NULL, NULL, NULL);
/*!40000 ALTER TABLE `tbl_users_solution` ENABLE KEYS */;

-- 테이블 bom.tbl_users_trial_info 구조 내보내기
CREATE TABLE IF NOT EXISTS `tbl_users_trial_info` (
  `UserID` varchar(45) NOT NULL COMMENT '아이디',
  `MsrmnLoadNumber` tinyint(4) DEFAULT 0 COMMENT '계측부하수',
  `Wiring` varchar(45) DEFAULT NULL COMMENT '배전반의 배선(단상,3상)',
  `BreakerCapacity` varchar(255) DEFAULT NULL COMMENT '차단기용량',
  `StartDateTime` datetime DEFAULT NULL COMMENT '데모 시작일',
  `EndDateTime` datetime DEFAULT NULL COMMENT '데모 종료일(자동계산)',
  `EndStatusFlag` enum('Y','N') DEFAULT 'N' COMMENT '종료 여부',
  `ConcentFlag` enum('Y5','Y10','N') DEFAULT 'N' COMMENT '배전반 근처 220V 콘센트 여부',
  `ElectricalShutoff` enum('Y','N') DEFAULT 'N' COMMENT '전기 차단 가능 여부',
  `NetworkFlag` enum('Y','N') DEFAULT 'N' COMMENT '배전반 근처 네트워크 포설 여부',
  `SolarInstallationFlag` enum('Y','N','NULL') DEFAULT 'N' COMMENT '태양광 설치 유무',
  `Comment` varchar(255) DEFAULT NULL COMMENT '기타 요청사항',
  `Status` enum('Waiting','Ready','InProgress','End','NotStarted') DEFAULT NULL COMMENT '무료체험신청 단계',
  `solutionCode` int(11) DEFAULT NULL,
  PRIMARY KEY (`UserID`),
  CONSTRAINT `FK_tbl_users_trial_info_tbl_users` FOREIGN KEY (`UserID`) REFERENCES `tbl_users` (`id`) ON DELETE CASCADE ON UPDATE CASCADE
) ENGINE=InnoDB DEFAULT CHARSET=utf8 COMMENT='사용자 BOM POWER TRIAL 정보 ';

-- 테이블 데이터 bom.tbl_users_trial_info:~8 rows (대략적) 내보내기
/*!40000 ALTER TABLE `tbl_users_trial_info` DISABLE KEYS */;
INSERT INTO `tbl_users_trial_info` (`UserID`, `MsrmnLoadNumber`, `Wiring`, `BreakerCapacity`, `StartDateTime`, `EndDateTime`, `EndStatusFlag`, `ConcentFlag`, `ElectricalShutoff`, `NetworkFlag`, `SolarInstallationFlag`, `Comment`, `Status`, `solutionCode`) VALUES
	('cdu5601', 3, '3상3선식', '100', '2021-02-23 00:00:00', '2021-03-25 11:59:59', 'N', 'Y10', 'Y', 'Y', 'NULL', NULL, 'End', NULL),
	('ekarus001', 3, '단상', NULL, '2021-01-27 16:40:33', NULL, 'N', NULL, NULL, NULL, NULL, NULL, 'End', NULL),
	('hifgcokr', 2, '3상3선식', '6553', '2019-11-14 09:00:00', '2020-03-02 00:00:00', 'N', 'N', 'N', 'N', 'N', NULL, 'End', NULL),
	('test4', 6, '3상4선식', '200', '2021-02-23 00:00:00', '2021-03-25 11:59:59', 'N', 'N', 'N', 'N', 'NULL', NULL, 'InProgress', 0),
	('test5', 1, '단상', NULL, NULL, NULL, 'N', NULL, NULL, NULL, NULL, NULL, 'Ready', 0),
	('trial', 6, '3상4선식', NULL, '2021-01-04 11:59:59', '2021-02-04 11:59:59', 'N', NULL, NULL, NULL, NULL, NULL, 'End', NULL),
	('vip', 0, NULL, NULL, '2020-03-16 00:00:00', '2020-04-30 11:59:59', 'N', 'N', 'N', 'N', 'N', NULL, 'End', NULL),
	('yonhee', 3, '3상3선식', '350', '2020-06-30 10:00:00', NULL, 'N', 'Y5', 'N', 'N', 'NULL', NULL, 'End', NULL);
/*!40000 ALTER TABLE `tbl_users_trial_info` ENABLE KEYS */;

/*!40101 SET SQL_MODE=IFNULL(@OLD_SQL_MODE, '') */;
/*!40014 SET FOREIGN_KEY_CHECKS=IFNULL(@OLD_FOREIGN_KEY_CHECKS, 1) */;
/*!40101 SET CHARACTER_SET_CLIENT=@OLD_CHARACTER_SET_CLIENT */;
/*!40111 SET SQL_NOTES=IFNULL(@OLD_SQL_NOTES, 1) */;
